name,path,status,id
Salary Slip,https://salarydostappdocbucket.s3.ap-south-1.amazonaws.com/NjgzMjRfNDIzMjU.pdf,approve,42325
Salary Slip,https://salarydostappdocbucket.s3.ap-south-1.amazonaws.com/MjYxMzRfNDM2Nzg.jpeg,approve,43678
Salary Slip,https://salarydostappdocbucket.s3.ap-south-1.amazonaws.com/ODA3MDRfMjUwNTA.jpeg,approve,25050
Salary Slip,https://salarydostappdocbucket.s3.ap-south-1.amazonaws.com/NjQ0MDZfMTE3NTY.jpeg,approve,11756
Salary Slip,https://salarydostappdocbucket.s3.ap-south-1.amazonaws.com/NDExNDBfODkxMA.jpeg,approve,8910
Salary Slip,https://salarydostappdocbucket.s3.ap-south-1.amazonaws.com/MTg5NTJfMjU3ODI.pdf,approve,25782
Salary Slip,https://salarydostappdocbucket.s3.ap-south-1.amazonaws.com/MTg1NDNfMzY5MDQ.pdf,approve,36904
Salary Slip,https://salarydostappdocbucket.s3.ap-south-1.amazonaws.com/ODMxMzhfMTUyMDU.pdf,approve,15205
Salary Slip,https://salarydostappdocbucket.s3.ap-south-1.amazonaws.com/MjcxNzJfNDU4NDg.jpeg,approve,45848
Salary Slip,https://salarydostappdocbucket.s3.ap-south-1.amazonaws.com/Mzk1NzJfNjUyMw.jpeg,approve,6523
Salary Slip,https://salarydostappdocbucket.s3.ap-south-1.amazonaws.com/NzI0NTNfMzA0ODY.jpeg,approve,30486
Salary Slip,https://salarydostappdocbucket.s3.ap-south-1.amazonaws.com/NzU3MTFfNzAzMg.pdf,approve,7032
Salary Slip,https://salarydostappdocbucket.s3.ap-south-1.amazonaws.com/NTI4ODFfNDQ5ODI.pdf,approve,44982
Salary Slip,https://salarydostappdocbucket.s3.ap-south-1.amazonaws.com/NjM5NDFfMzI5ODI.jpeg,approve,32982
Salary Slip,https://salarydostappdocbucket.s3.ap-south-1.amazonaws.com/ODkzMzlfMjM5ODY.pdf,approve,23986
Salary Slip,https://salarydostappdocbucket.s3.ap-south-1.amazonaws.com/MjE3MjlfMTI1MzA.jpeg,approve,12530
Salary Slip,https://salarydostappdocbucket.s3.ap-south-1.amazonaws.com/NzA2NTJfMTY3NDc.jpeg,approve,16747
Salary Slip,https://salarydostappdocbucket.s3.ap-south-1.amazonaws.com/OTc4NTlfMzYwNjQ.jpeg,approve,36064
Salary Slip,https://salarydostappdocbucket.s3.ap-south-1.amazonaws.com/Mjc4MTdfMzQwNzI.jpeg,approve,34072
Salary Slip,https://salarydostappdocbucket.s3.ap-south-1.amazonaws.com/NTM3MDBfODMyNQ.pdf,approve,8325
Salary Slip,https://salarydostappdocbucket.s3.ap-south-1.amazonaws.com/MjY0OTRfMjU4OTU.pdf,approve,25895
Salary Slip,https://salarydostappdocbucket.s3.ap-south-1.amazonaws.com/NDU4NjJfMTcwMDk.pdf,approve,17009
Salary Slip,https://salarydostappdocbucket.s3.ap-south-1.amazonaws.com/MzI2NzBfMjUyMDQ.jpeg,approve,25204
Salary Slip,https://salarydostappdocbucket.s3.ap-south-1.amazonaws.com/OTQzNDdfMTQ2ODk.pdf,approve,14689
Salary Slip,https://salarydostappdocbucket.s3.ap-south-1.amazonaws.com/Mjg5MDhfNjcxMQ.pdf,approve,6711
Salary Slip,https://salarydostappdocbucket.s3.ap-south-1.amazonaws.com/ODQ5MzBfMzI2MjA.pdf,approve,32620
Salary Slip,https://salarydostappdocbucket.s3.ap-south-1.amazonaws.com/ODI4NDFfMzQ4ODk.jpeg,approve,34889
Salary Slip,https://salarydostappdocbucket.s3.ap-south-1.amazonaws.com/NDg2MDRfMzM2Nzg.pdf,approve,33678
Salary Slip,https://salarydostappdocbucket.s3.ap-south-1.amazonaws.com/NzMxNTlfNDQwNTE.pdf,approve,44051
Salary Slip,https://salarydostappdocbucket.s3.ap-south-1.amazonaws.com/MjE3MzlfMTE1NTU.pdf,approve,11555
Salary Slip,https://salarydostappdocbucket.s3.ap-south-1.amazonaws.com/MzU2MTRfMzQxMDg.jpeg,approve,34108
Salary Slip,https://salarydostappdocbucket.s3.ap-south-1.amazonaws.com/NzM2NTZfNDYwODg.jpeg,approve,46088
Salary Slip,https://salarydostappdocbucket.s3.ap-south-1.amazonaws.com/OTA1NjRfODQ0Ng.pdf,approve,8446
Salary Slip,https://salarydostappdocbucket.s3.ap-south-1.amazonaws.com/Mzg2MzJfMjY1MTY.pdf,approve,26516
Salary Slip,https://salarydostappdocbucket.s3.ap-south-1.amazonaws.com/NDQ3MjJfNDM4OTc.jpeg,approve,43897
Salary Slip,https://salarydostappdocbucket.s3.ap-south-1.amazonaws.com/NTc2NDlfOTEzNw.jpeg,approve,9137
Salary Slip,https://salarydostappdocbucket.s3.ap-south-1.amazonaws.com/OTE0OThfMjA0OTM.pdf,approve,20493
Salary Slip,https://salarydostappdocbucket.s3.ap-south-1.amazonaws.com/Nzk2NDVfMjc4MDE.jpeg,approve,27801
Salary Slip,https://salarydostappdocbucket.s3.ap-south-1.amazonaws.com/NTM2MDRfMzExNjI.jpeg,approve,31162
Salary Slip,https://salarydostappdocbucket.s3.ap-south-1.amazonaws.com/NDkwMzdfMzg5NTM.jpeg,approve,38953
Salary Slip,https://salarydostappdocbucket.s3.ap-south-1.amazonaws.com/MTIyNzZfNDA3Nzg.pdf,approve,40778
Salary Slip,https://salarydostappdocbucket.s3.ap-south-1.amazonaws.com/Mjk5NjBfMzU5ODE.pdf,approve,35981
Salary Slip,https://salarydostappdocbucket.s3.ap-south-1.amazonaws.com/OTYyMzVfMzE4OTM.pdf,approve,31893
Salary Slip,https://salarydostappdocbucket.s3.ap-south-1.amazonaws.com/NzI4ODdfMjE1OTY.pdf,approve,21596
Salary Slip,https://salarydostappdocbucket.s3.ap-south-1.amazonaws.com/NTA5NzlfMjcwMDU.pdf,approve,27005
Salary Slip,https://salarydostappdocbucket.s3.ap-south-1.amazonaws.com/NjY5NzJfMjY5OTk.jpeg,approve,26999
Salary Slip,https://salarydostappdocbucket.s3.ap-south-1.amazonaws.com/MTc1MzNfMTc4Mjc.pdf,approve,17827
Salary Slip,https://salarydostappdocbucket.s3.ap-south-1.amazonaws.com/NzEyMzJfMjQzMzI.jpeg,approve,24332
Salary Slip,https://salarydostappdocbucket.s3.ap-south-1.amazonaws.com/NTc2MDNfMTk0NDc.jpeg,approve,19447
Salary Slip,https://salarydostappdocbucket.s3.ap-south-1.amazonaws.com/OTI5MjhfNDc5ODk.jpeg,approve,47989
Salary Slip,https://salarydostappdocbucket.s3.ap-south-1.amazonaws.com/MzY2MjVfMjAxMTc.jpeg,approve,20117
Salary Slip,https://salarydostappdocbucket.s3.ap-south-1.amazonaws.com/MTMxMDZfMjY1MzQ.pdf,approve,26534
Salary Slip,https://salarydostappdocbucket.s3.ap-south-1.amazonaws.com/NTI4MjJfMTEyOTU.pdf,approve,11295
Salary Slip,https://salarydostappdocbucket.s3.ap-south-1.amazonaws.com/ODAwMjNfMzI1ODY.jpeg,approve,32586
Salary Slip,https://salarydostappdocbucket.s3.ap-south-1.amazonaws.com/MTkyMDJfNDUyOTY.jpeg,approve,45296
Salary Slip,https://salarydostappdocbucket.s3.ap-south-1.amazonaws.com/MTc3NzFfNDA2NTU.pdf,approve,40655
Salary Slip,https://salarydostappdocbucket.s3.ap-south-1.amazonaws.com/ODMyMDlfNjIyOA.pdf,approve,6228
Salary Slip,https://salarydostappdocbucket.s3.ap-south-1.amazonaws.com/NjQyNzdfMTg4MTI.pdf,approve,18812
Salary Slip,https://salarydostappdocbucket.s3.ap-south-1.amazonaws.com/NzIxNzhfMzEwNDI.jpeg,approve,31042
Salary Slip,https://salarydostappdocbucket.s3.ap-south-1.amazonaws.com/MTI1NTRfMjk1MjU.pdf,approve,29525
Salary Slip,https://salarydostappdocbucket.s3.ap-south-1.amazonaws.com/NTM5MTRfMjAzMzc.pdf,approve,20337
Salary Slip,https://salarydostappdocbucket.s3.ap-south-1.amazonaws.com/MjY1NzFfMTYxNTQ.jpeg,approve,16154
Salary Slip,https://salarydostappdocbucket.s3.ap-south-1.amazonaws.com/NDM0OTJfMTEyNzI.pdf,approve,11272
Salary Slip,https://salarydostappdocbucket.s3.ap-south-1.amazonaws.com/NTMxNzFfMjI0MTQ.pdf,approve,22414
Salary Slip,https://salarydostappdocbucket.s3.ap-south-1.amazonaws.com/NjY1NDNfMzAzOTE.pdf,approve,30391
Salary Slip,https://salarydostappdocbucket.s3.ap-south-1.amazonaws.com/MzY5MDlfOA.jpeg,approve,8
Salary Slip,https://salarydostappdocbucket.s3.ap-south-1.amazonaws.com/MzcwMzdfNDA3MTM.jpeg,approve,40713
Salary Slip,https://salarydostappdocbucket.s3.ap-south-1.amazonaws.com/MTU2NDdfMjg5Mzc.jpeg,approve,28937
Salary Slip,https://salarydostappdocbucket.s3.ap-south-1.amazonaws.com/MzUzNjVfNDYxMzA.pdf,approve,46130
Salary Slip,https://salarydostappdocbucket.s3.ap-south-1.amazonaws.com/MTU1MjNfNzU5MQ.jpeg,approve,7591
Salary Slip,https://salarydostappdocbucket.s3.ap-south-1.amazonaws.com/MTY0NzZfMzgyNjc.pdf,approve,38267
Salary Slip,https://salarydostappdocbucket.s3.ap-south-1.amazonaws.com/MjIxMTZfMzgxMg.pdf,approve,3812
Salary Slip,https://salarydostappdocbucket.s3.ap-south-1.amazonaws.com/Njg5NTlfNTA0MTc.jpeg,approve,50417
Salary Slip,https://salarydostappdocbucket.s3.ap-south-1.amazonaws.com/ODY2NDNfNjczMQ.pdf,approve,6731
Salary Slip,https://salarydostappdocbucket.s3.ap-south-1.amazonaws.com/Nzk0ODVfMzkzNDk.jpeg,approve,39349
Salary Slip,https://salarydostappdocbucket.s3.ap-south-1.amazonaws.com/NjQwNDhfMjQ2MTE.jpeg,approve,24611
Salary Slip,https://salarydostappdocbucket.s3.ap-south-1.amazonaws.com/NjUxNjFfMzA0ODQ.pdf,approve,30484
Salary Slip,https://salarydostappdocbucket.s3.ap-south-1.amazonaws.com/NTkxNzBfMjI0MDY.pdf,approve,22406
Salary Slip,https://salarydostappdocbucket.s3.ap-south-1.amazonaws.com/MTkyNDRfMTExNjY.pdf,approve,11166
Salary Slip,https://salarydostappdocbucket.s3.ap-south-1.amazonaws.com/MzAzMjhfMzkwMDU.pdf,approve,39005
Salary Slip,https://salarydostappdocbucket.s3.ap-south-1.amazonaws.com/OTgzNzdfMTE0MDY.jpeg,approve,11406
Salary Slip,https://salarydostappdocbucket.s3.ap-south-1.amazonaws.com/MTQxODNfNDQ5NQ.jpeg,approve,4495
Salary Slip,https://salarydostappdocbucket.s3.ap-south-1.amazonaws.com/MjA5MjBfMTYwNDg.pdf,approve,16048
Salary Slip,https://salarydostappdocbucket.s3.ap-south-1.amazonaws.com/NDUzODBfMjAyMjg.pdf,approve,20228
Salary Slip,https://salarydostappdocbucket.s3.ap-south-1.amazonaws.com/NjY5ODNfMzQ5MjI.pdf,approve,34922
Salary Slip,https://salarydostappdocbucket.s3.ap-south-1.amazonaws.com/NDA3OTZfMzQ1NDc.pdf,approve,34547
Salary Slip,https://salarydostappdocbucket.s3.ap-south-1.amazonaws.com/NjIxODBfMzc2NA.pdf,approve,3764
Salary Slip,https://salarydostappdocbucket.s3.ap-south-1.amazonaws.com/NTE0MDRfMjUxMjg.jpeg,approve,25128
Salary Slip,https://salarydostappdocbucket.s3.ap-south-1.amazonaws.com/NjQ1MTdfMjcwMzg.pdf,approve,27038
Salary Slip,https://salarydostappdocbucket.s3.ap-south-1.amazonaws.com/NTYzMzlfMTM2OTI.jpeg,approve,13692
Salary Slip,https://salarydostappdocbucket.s3.ap-south-1.amazonaws.com/OTE4NTVfMzYwMDk.jpeg,approve,36009
Salary Slip,https://salarydostappdocbucket.s3.ap-south-1.amazonaws.com/MTI0ODFfMjA1Njg.pdf,approve,20568
Salary Slip,https://salarydostappdocbucket.s3.ap-south-1.amazonaws.com/Nzc0MjNfMzkxODM.jpeg,approve,39183
Salary Slip,https://salarydostappdocbucket.s3.ap-south-1.amazonaws.com/Njk4NTRfNDYwNzc.pdf,approve,46077
Salary Slip,https://salarydostappdocbucket.s3.ap-south-1.amazonaws.com/MTYwOTNfMjMwODU.pdf,approve,23085
Salary Slip,https://salarydostappdocbucket.s3.ap-south-1.amazonaws.com/NTIyNThfMjk4NjQ.jpeg,approve,29864
Salary Slip,https://salarydostappdocbucket.s3.ap-south-1.amazonaws.com/NDI5MTZfMTc3MTk.jpeg,approve,17719
Salary Slip,https://salarydostappdocbucket.s3.ap-south-1.amazonaws.com/NzY4MjdfNzAzMA.jpeg,approve,7030
Salary Slip,https://salarydostappdocbucket.s3.ap-south-1.amazonaws.com/NTQ3NzZfMTIyMzE.jpeg,approve,12231
Salary Slip,https://salarydostappdocbucket.s3.ap-south-1.amazonaws.com/MjY0NzVfNDQxNTI.pdf,approve,44152
Salary Slip,https://salarydostappdocbucket.s3.ap-south-1.amazonaws.com/Mjc1MTBfNDQ1MTY.pdf,approve,44516
Salary Slip,https://salarydostappdocbucket.s3.ap-south-1.amazonaws.com/NDkyOTVfMjU5NTY.jpeg,approve,25956
Salary Slip,https://salarydostappdocbucket.s3.ap-south-1.amazonaws.com/OTMxNjJfNDQyMDk.pdf,approve,44209
Salary Slip,https://salarydostappdocbucket.s3.ap-south-1.amazonaws.com/NTE1NzhfMjE2NzE.pdf,approve,21671
Salary Slip,https://salarydostappdocbucket.s3.ap-south-1.amazonaws.com/OTE5NDZfNDk4NDM.jpeg,approve,49843
Salary Slip,https://salarydostappdocbucket.s3.ap-south-1.amazonaws.com/NjA1NzVfMTMwMDc.jpeg,approve,13007
Salary Slip,https://salarydostappdocbucket.s3.ap-south-1.amazonaws.com/MjE0MTRfMjA1MDQ.jpeg,approve,20504
Salary Slip,https://salarydostappdocbucket.s3.ap-south-1.amazonaws.com/Nzk3MTBfMTY0NzM.pdf,approve,16473
Salary Slip,https://salarydostappdocbucket.s3.ap-south-1.amazonaws.com/Nzg2MThfMzQ2NzI.jpeg,approve,34672
Salary Slip,https://salarydostappdocbucket.s3.ap-south-1.amazonaws.com/OTE2NjlfNDc5NzQ.jpeg,approve,47974
Salary Slip,https://salarydostappdocbucket.s3.ap-south-1.amazonaws.com/NjIzNjZfMzA3NjQ.jpeg,approve,30764
Salary Slip,https://salarydostappdocbucket.s3.ap-south-1.amazonaws.com/Mjg4MDVfMzczMzc.pdf,approve,37337
Salary Slip,https://salarydostappdocbucket.s3.ap-south-1.amazonaws.com/MTU1NjBfMjYyNjM.pdf,approve,26263
Salary Slip,https://salarydostappdocbucket.s3.ap-south-1.amazonaws.com/ODY1NThfNDQzNjU.jpeg,approve,44365
Salary Slip,https://salarydostappdocbucket.s3.ap-south-1.amazonaws.com/NjM1NDhfMTQ4OTY.pdf,approve,14896
Salary Slip,https://salarydostappdocbucket.s3.ap-south-1.amazonaws.com/NDMzMjBfMTMzODE.jpeg,approve,13381
Salary Slip,https://salarydostappdocbucket.s3.ap-south-1.amazonaws.com/MjU0MTRfODI1OA.pdf,approve,8258
Salary Slip,https://salarydostappdocbucket.s3.ap-south-1.amazonaws.com/NjQ5OTdfMjI4NDE.jpeg,approve,22841
Salary Slip,https://salarydostappdocbucket.s3.ap-south-1.amazonaws.com/MTM3MjhfMzczOTc.jpeg,approve,37397
Salary Slip,https://salarydostappdocbucket.s3.ap-south-1.amazonaws.com/ODk5ODBfMjk5NjI.jpeg,approve,29962
Salary Slip,https://salarydostappdocbucket.s3.ap-south-1.amazonaws.com/MjMzMDdfNDAwOTQ.jpeg,approve,40094
Salary Slip,https://salarydostappdocbucket.s3.ap-south-1.amazonaws.com/OTAyMzdfNjY1MQ.jpeg,approve,6651
Salary Slip,https://salarydostappdocbucket.s3.ap-south-1.amazonaws.com/NDk5MDNfMjg5MDY.pdf,approve,28906
Salary Slip,https://salarydostappdocbucket.s3.ap-south-1.amazonaws.com/NjMwMzFfMjA3NjA.jpeg,approve,20760
Salary Slip,https://salarydostappdocbucket.s3.ap-south-1.amazonaws.com/NTQ1MDlfNDQxMzQ.jpeg,approve,44134
Salary Slip,https://salarydostappdocbucket.s3.ap-south-1.amazonaws.com/OTM4MTBfMjYxOTc.pdf,approve,26197
Salary Slip,https://salarydostappdocbucket.s3.ap-south-1.amazonaws.com/NjMwNDlfNDc0NDQ.jpeg,approve,47444
Salary Slip,https://salarydostappdocbucket.s3.ap-south-1.amazonaws.com/MzQ5MDFfMjQyMzA.pdf,approve,24230
Salary Slip,https://salarydostappdocbucket.s3.ap-south-1.amazonaws.com/NTM5NTRfMTc5NTA.jpeg,approve,17950
Salary Slip,https://salarydostappdocbucket.s3.ap-south-1.amazonaws.com/MjUwNjNfNDU2NTI.pdf,approve,45652
Salary Slip,https://salarydostappdocbucket.s3.ap-south-1.amazonaws.com/ODM4NzFfMjM4NjQ.pdf,approve,23864
Salary Slip,https://salarydostappdocbucket.s3.ap-south-1.amazonaws.com/Mjk4NTdfMTE1MDE.pdf,approve,11501
Salary Slip,https://salarydostappdocbucket.s3.ap-south-1.amazonaws.com/ODM1NThfMTUyNzU.jpeg,approve,15275
Salary Slip,https://salarydostappdocbucket.s3.ap-south-1.amazonaws.com/NDc3ODZfOTQ2NA.jpeg,approve,9464
Salary Slip,https://salarydostappdocbucket.s3.ap-south-1.amazonaws.com/MTM1NTRfMTU2NDM.pdf,approve,15643
Salary Slip,https://salarydostappdocbucket.s3.ap-south-1.amazonaws.com/NjQ5NDlfMjcyNzg.jpeg,approve,27278
Salary Slip,https://salarydostappdocbucket.s3.ap-south-1.amazonaws.com/NjI2NDlfMjM3MzY.jpeg,approve,23736
Salary Slip,https://salarydostappdocbucket.s3.ap-south-1.amazonaws.com/OTE2NzRfMjk4NzU.pdf,approve,29875
Salary Slip,https://salarydostappdocbucket.s3.ap-south-1.amazonaws.com/MTcwODZfNDAzMzI.jpeg,approve,40332
Salary Slip,https://salarydostappdocbucket.s3.ap-south-1.amazonaws.com/OTk0ODNfMTQ4MzU.pdf,approve,21469
Salary Slip,https://salarydostappdocbucket.s3.ap-south-1.amazonaws.com/ODE3NThfMTIzMjE.pdf,approve,12321
Salary Slip,https://salarydostappdocbucket.s3.ap-south-1.amazonaws.com/NzI2MTVfMjYxNzA.jpeg,approve,26170
Salary Slip,https://salarydostappdocbucket.s3.ap-south-1.amazonaws.com/Nzg4MjRfMjkxODA.pdf,approve,29180
Salary Slip,https://salarydostappdocbucket.s3.ap-south-1.amazonaws.com/NTI3ODJfNzU0NQ.jpeg,approve,7545
Salary Slip,https://salarydostappdocbucket.s3.ap-south-1.amazonaws.com/OTA3NjRfMTY3NzU.pdf,approve,16775
Salary Slip,https://salarydostappdocbucket.s3.ap-south-1.amazonaws.com/Njc5NDJfNzAxNA.pdf,approve,7014
Salary Slip,https://salarydostappdocbucket.s3.ap-south-1.amazonaws.com/NDMxNTRfMzgyMTc.pdf,approve,38217
Salary Slip,https://salarydostappdocbucket.s3.ap-south-1.amazonaws.com/NzQyNDRfNjg5Ng.pdf,approve,6896
Salary Slip,https://salarydostappdocbucket.s3.ap-south-1.amazonaws.com/MzkzNDFfMjE0NjE.pdf,approve,21461
Salary Slip,https://salarydostappdocbucket.s3.ap-south-1.amazonaws.com/NTM0MzVfMzEzMjM.jpeg,approve,31323
Salary Slip,https://salarydostappdocbucket.s3.ap-south-1.amazonaws.com/ODIyNzNfMjg2NjA.jpeg,approve,28660
Salary Slip,https://salarydostappdocbucket.s3.ap-south-1.amazonaws.com/ODMyMTZfMjgzMDY.pdf,approve,28306
Salary Slip,https://salarydostappdocbucket.s3.ap-south-1.amazonaws.com/OTk0ODNfMTQ4MzU.pdf,approve,14835
Salary Slip,https://salarydostappdocbucket.s3.ap-south-1.amazonaws.com/NDE0OTdfNDIxMzY.pdf,approve,42136
Salary Slip,https://salarydostappdocbucket.s3.ap-south-1.amazonaws.com/MzQ4MTFfMjE4OTM.jpeg,approve,21893
Salary Slip,https://salarydostappdocbucket.s3.ap-south-1.amazonaws.com/MTQwMTRfMTI1MDM.jpeg,approve,12503
Salary Slip,https://salarydostappdocbucket.s3.ap-south-1.amazonaws.com/OTQzNjdfMjc1OTM.jpeg,approve,27593
Salary Slip,https://salarydostappdocbucket.s3.ap-south-1.amazonaws.com/NzgzMDNfMzUxMzY.pdf,approve,35136
Salary Slip,https://salarydostappdocbucket.s3.ap-south-1.amazonaws.com/NjE1ODZfMzc1NzI.jpeg,approve,37572
Salary Slip,https://salarydostappdocbucket.s3.ap-south-1.amazonaws.com/NzA5NzdfMTE1MDk.jpeg,approve,11509
Salary Slip,https://salarydostappdocbucket.s3.ap-south-1.amazonaws.com/NzYwMzJfMTI2ODU.jpeg,approve,12685
Salary Slip,https://salarydostappdocbucket.s3.ap-south-1.amazonaws.com/NzE2NTJfNDM3NTU.pdf,approve,43755
Salary Slip,https://salarydostappdocbucket.s3.ap-south-1.amazonaws.com/MjY1MDRfMTI2NDM.jpeg,approve,12643
Salary Slip,https://salarydostappdocbucket.s3.ap-south-1.amazonaws.com/NTQzMzZfMTM4MDg.pdf,approve,13808
Salary Slip,https://salarydostappdocbucket.s3.ap-south-1.amazonaws.com/OTk0NDJfMzQ3MjI.pdf,approve,34722
Salary Slip,https://salarydostappdocbucket.s3.ap-south-1.amazonaws.com/ODU3MjlfMTYzMTM.pdf,approve,16313
Salary Slip,https://salarydostappdocbucket.s3.ap-south-1.amazonaws.com/MTcxNTJfMjYxOTk.pdf,approve,26199
Salary Slip,https://salarydostappdocbucket.s3.ap-south-1.amazonaws.com/NTA3MDNfMjg3MTU.jpeg,approve,28715
Salary Slip,https://salarydostappdocbucket.s3.ap-south-1.amazonaws.com/MzMxMDZfMjUzNzE.pdf,approve,25371
Salary Slip,https://salarydostappdocbucket.s3.ap-south-1.amazonaws.com/MzczMTlfMjIyMzY.pdf,approve,22236
Salary Slip,https://salarydostappdocbucket.s3.ap-south-1.amazonaws.com/MjQ5NDdfMTcyNTY.jpeg,approve,17256
Salary Slip,https://salarydostappdocbucket.s3.ap-south-1.amazonaws.com/MjQ4MzVfMjA1NjM.pdf,approve,20563
Salary Slip,https://salarydostappdocbucket.s3.ap-south-1.amazonaws.com/OTUxMDlfODI1MQ.pdf,approve,8251
Salary Slip,https://salarydostappdocbucket.s3.ap-south-1.amazonaws.com/Mjc1MzBfNDM0MDU.jpeg,approve,43405
Salary Slip,https://salarydostappdocbucket.s3.ap-south-1.amazonaws.com/MjcyNDJfMzk2Njc.jpeg,approve,39667
Salary Slip,https://salarydostappdocbucket.s3.ap-south-1.amazonaws.com/OTU0NTNfMTY2Nzk.jpeg,approve,25232
Salary Slip,https://salarydostappdocbucket.s3.ap-south-1.amazonaws.com/NjYxNThfMjU5OTM.pdf,approve,25993
Salary Slip,https://salarydostappdocbucket.s3.ap-south-1.amazonaws.com/NDgwMDNfNDQyNjM.pdf,approve,44263
Salary Slip,https://salarydostappdocbucket.s3.ap-south-1.amazonaws.com/OTMxNjRfMjg2MjY.jpeg,approve,46131
Salary Slip,https://salarydostappdocbucket.s3.ap-south-1.amazonaws.com/NDY0OTZfMjEyNjM.pdf,approve,21263
Salary Slip,https://salarydostappdocbucket.s3.ap-south-1.amazonaws.com/MjgwMTZfNjMzMA.jpeg,approve,6330
Salary Slip,https://salarydostappdocbucket.s3.ap-south-1.amazonaws.com/NDQ0MTVfMzQ2OTY.jpeg,approve,34696
Salary Slip,https://salarydostappdocbucket.s3.ap-south-1.amazonaws.com/ODY0NjdfMjg5NDk.pdf,approve,28949
Salary Slip,https://salarydostappdocbucket.s3.ap-south-1.amazonaws.com/MTU3NzlfMTk5NDY.pdf,approve,19946
Salary Slip,https://salarydostappdocbucket.s3.ap-south-1.amazonaws.com/MjQ5MDBfMjgxNjM.jpeg,approve,46480
Salary Slip,https://salarydostappdocbucket.s3.ap-south-1.amazonaws.com/ODU5MjFfODU1Mw.pdf,approve,8553
Salary Slip,https://salarydostappdocbucket.s3.ap-south-1.amazonaws.com/MjA1MDlfMjE0NTM.pdf,approve,21453
Salary Slip,https://salarydostappdocbucket.s3.ap-south-1.amazonaws.com/MjIxNzVfMjgxMzY.jpeg,approve,28136
Salary Slip,https://salarydostappdocbucket.s3.ap-south-1.amazonaws.com/NTIyNDRfMzY4MzA.jpeg,approve,36830
Salary Slip,https://salarydostappdocbucket.s3.ap-south-1.amazonaws.com/MjY5MTNfMzM4NDg.jpeg,approve,33848
Salary Slip,https://salarydostappdocbucket.s3.ap-south-1.amazonaws.com/NTg1NTRfMjQ4MTE.pdf,approve,24811
Salary Slip,https://salarydostappdocbucket.s3.ap-south-1.amazonaws.com/NjM3OTJfMTQ5Nzg.pdf,approve,14978
Salary Slip,https://salarydostappdocbucket.s3.ap-south-1.amazonaws.com/NTIyMzhfMzkyODk.pdf,approve,39289
Salary Slip,https://salarydostappdocbucket.s3.ap-south-1.amazonaws.com/NzkzMTFfMzk2NzM.jpeg,approve,39673
Salary Slip,https://salarydostappdocbucket.s3.ap-south-1.amazonaws.com/Mzg5NjVfMjQ0Mzc.pdf,approve,24437
Salary Slip,https://salarydostappdocbucket.s3.ap-south-1.amazonaws.com/Nzg2NDVfMjgyOTQ.pdf,approve,28294
Salary Slip,https://salarydostappdocbucket.s3.ap-south-1.amazonaws.com/ODAyOTNfNjk1OQ.pdf,approve,6959
Salary Slip,https://salarydostappdocbucket.s3.ap-south-1.amazonaws.com/NDEzMDRfNDE0NDY.pdf,approve,41446
Salary Slip,https://salarydostappdocbucket.s3.ap-south-1.amazonaws.com/MTE5OThfMTQ0Njc.jpeg,approve,14467
Salary Slip,https://salarydostappdocbucket.s3.ap-south-1.amazonaws.com/Mjc3ODlfMjgwODE.jpeg,approve,28081
